time,nfev,nact,nhooked,trials,try_last
0.0,1,0,0,0,0
0.01,1,0,0,0,0
0.02,1,0,0,0,0
0.03,1,0,0,0,0
0.04,1,0,0,0,0
0.05,2,1,0,1,1
0.060000000000000005,4,3,1,1,2
0.07,2,3,3,0,2
0.08,2,3,3,0,2
0.09,4,3,3,0,4
0.09999999999999999,13,3,3,0,13
0.10999999999999999,26,5,3,1,13
0.11999999999999998,4,5,5,0,4
0.12999999999999998,4,6,5,1,2
0.13999999999999999,2,6,6,0,2
0.15,15,8,6,1,2
0.16,4,8,8,0,4
0.17,7,8,8,0,7
0.18000000000000002,33,8,8,0,33
